filename,width,height,class,xmin,ymin,xmax,ymax
01.jpg,800,600,Armyworms,178,83,687,585
02.jpg,800,600,Armyworms,9,157,148,270
02.jpg,800,600,Armyworms,307,165,446,226
02.jpg,800,600,Armyworms,476,221,587,358
02.jpg,800,600,Armyworms,255,351,354,525
02.jpg,800,600,Armyworms,414,489,527,590
03.jpg,800,600,Armyworms,225,362,519,534
03.jpg,800,600,Armyworms,320,224,550,341
03.jpg,800,600,Armyworms,389,147,530,217
05.jpg,800,600,Armyworms,119,198,649,405
06.jpg,800,600,Armyworms,51,69,771,543
07.jpg,800,600,Armyworms,259,158,555,474
09.jpg,800,600,Armyworms,97,169,735,518
10.jpg,800,600,Armyworms,149,82,460,369
100.jpg,800,600,Brown_plant_leafhopper,282,123,484,435
101.jpg,800,600,Brown_plant_leafhopper,12,32,750,418
102.jpg,800,600,Brown_plant_leafhopper,86,39,526,276
102.jpg,800,600,Brown_plant_leafhopper,547,297,784,543
103.jpg,800,600,Brown_plant_leafhopper,167,188,572,398
104.jpg,800,600,Brown_plant_leafhopper,178,40,530,565
106.jpg,800,600,Brown_plant_leafhopper,197,145,577,409
107.jpg,800,600,Brown_plant_leafhopper,189,116,758,399
108.jpg,800,600,Brown_plant_leafhopper,388,279,698,484
109.jpg,800,600,Brown_plant_leafhopper,112,92,773,510
11.jpg,800,600,Armyworms,145,137,603,452
110.jpg,800,600,Brown_plant_leafhopper,157,24,621,468
111.jpg,800,600,Brown_plant_leafhopper,506,174,764,495
111.jpg,800,600,Brown_plant_leafhopper,20,173,310,504
112.jpg,800,600,Brown_plant_leafhopper,56,138,751,439
113.jpg,800,600,Brown_plant_leafhopper,127,112,728,448
114.jpg,800,600,Brown_plant_leafhopper,190,97,585,536
115.jpg,800,600,Brown_plant_leafhopper,297,135,700,455
116.jpg,800,600,Brown_plant_leafhopper,250,35,622,571
117.jpg,800,600,Brown_plant_leafhopper,320,185,713,336
117.jpg,800,600,Brown_plant_leafhopper,109,312,391,476
118.jpg,800,600,Brown_plant_leafhopper,158,254,461,404
119.jpg,800,600,Brown_plant_leafhopper,252,106,765,558
120.jpg,800,600,Brown_plant_leafhopper,255,141,458,344
120.jpg,800,600,Brown_plant_leafhopper,323,384,443,534
121.jpg,800,600,Brown_plant_leafhopper,73,24,783,493
122.jpg,800,600,Brown_plant_leafhopper,94,58,676,513
123.jpg,800,600,Brown_plant_leafhopper,319,206,620,372
124.jpg,800,600,Brown_plant_leafhopper,177,67,782,476
125.jpg,800,600,Brown_plant_leafhopper,107,57,607,471
126.jpg,800,600,Brown_plant_leafhopper,431,174,727,369
126.jpg,800,600,Brown_plant_leafhopper,47,414,316,567
126.jpg,800,600,Brown_plant_leafhopper,187,301,430,441
127.jpg,800,600,Brown_plant_leafhopper,379,35,724,347
128.jpg,800,600,Brown_plant_leafhopper,94,173,767,464
129.jpg,800,600,Brown_plant_leafhopper,289,225,472,461
13.jpg,800,600,Armyworms,38,54,667,593
130.jpg,800,600,Brown_plant_leafhopper,226,206,615,454
131.jpg,800,600,Brown_plant_leafhopper,272,217,516,404
132.jpg,800,600,Brown_plant_leafhopper,104,18,771,546
133.jpg,800,600,Brown_plant_leafhopper,305,210,466,357
134.jpg,800,600,Brown_plant_leafhopper,110,304,343,394
134.jpg,800,600,Brown_plant_leafhopper,37,454,203,524
134.jpg,800,600,Brown_plant_leafhopper,526,272,620,376
135.jpg,800,600,Brown_plant_leafhopper,210,230,543,381
14.jpg,800,600,Armyworms,331,454,732,581
14.jpg,800,600,Armyworms,17,34,375,154
14.jpg,800,600,Armyworms,186,204,650,374
14.jpg,800,600,Armyworms,46,333,270,505
143.jpg,800,600,Gall_midge,126,83,717,505
144.jpg,800,600,Gall_midge,154,171,400,487
146.jpg,800,600,Gall_midge,314,268,565,470
147.jpg,800,600,Gall_midge,182,237,382,470
148.jpg,800,600,Gall_midge,210,274,434,473
148.jpg,800,600,Gall_midge,415,193,542,309
149.jpg,800,600,Gall_midge,117,184,431,518
15.jpg,800,600,Armyworms,264,140,512,476
150.jpg,800,600,Gall_midge,248,206,432,450
151.jpg,800,600,Gall_midge,216,132,423,306
151.jpg,800,600,Gall_midge,385,312,497,395
153.jpg,800,600,Gall_midge,161,120,415,328
154.jpg,800,600,Gall_midge,270,271,364,396
155.jpg,800,600,Gall_midge,329,214,612,403
156.jpg,800,600,Gall_midge,180,251,367,442
156.jpg,800,600,Gall_midge,467,66,584,296
156.jpg,800,600,Gall_midge,684,54,777,234
157.jpg,800,600,Gall_midge,264,307,473,483
158.jpg,800,600,Gall_midge,400,67,502,453
159.jpg,800,600,Gall_midge,116,198,325,318
160.jpg,800,600,Gall_midge,503,149,597,295
161.jpg,800,600,Gall_midge,375,215,535,416
162.jpg,800,600,Gall_midge,203,84,534,376
163.jpg,800,600,Gall_midge,338,106,642,303
164.jpg,800,600,Gall_midge,193,177,311,356
165.jpg,800,600,Gall_midge,348,139,510,337
166.jpg,800,600,Gall_midge,285,157,560,471
167.jpg,800,600,Gall_midge,346,351,696,520
167.jpg,800,600,Gall_midge,352,50,443,237
167.jpg,800,600,Gall_midge,11,83,273,261
167.jpg,800,600,Gall_midge,480,38,747,272
168.jpg,800,600,Gall_midge,124,290,515,500
169.jpg,800,600,Gall_midge,221,172,615,459
17.jpg,800,600,Armyworms,383,268,725,582
170.jpg,800,600,Gall_midge,84,33,767,574
171.jpg,800,600,Gall_midge,310,84,425,239
171.jpg,800,600,Gall_midge,145,177,267,330
171.jpg,800,600,Gall_midge,87,400,220,530
172.jpg,800,600,Gall_midge,221,259,769,480
177.jpg,800,600,Grasshopper,90,247,768,551
178.jpg,800,600,Grasshopper,94,154,700,478
179.jpg,800,600,Grasshopper,17,135,729,549
18.jpg,800,600,Armyworms,143,165,639,409
180.jpg,800,600,Grasshopper,54,153,617,473
181.jpg,800,600,Grasshopper,123,74,791,484
182.jpg,800,600,Grasshopper,181,153,774,504
183.jpg,800,600,Grasshopper,124,103,678,433
184.jpg,800,600,Grasshopper,75,96,724,525
185.jpg,800,600,Grasshopper,12,148,744,550
186.jpg,800,600,Grasshopper,202,159,777,406
187.jpg,800,600,Grasshopper,169,114,621,457
188.jpg,800,600,Grasshopper,35,203,637,445
19.jpg,800,600,Armyworms,17,99,234,256
19.jpg,800,600,Armyworms,231,19,364,131
19.jpg,800,600,Armyworms,198,361,363,530
19.jpg,800,600,Armyworms,387,192,627,368
19.jpg,800,600,Armyworms,380,414,667,584
190.jpg,800,600,Grasshopper,174,138,719,584
191.jpg,800,600,Grasshopper,135,105,773,502
192.jpg,800,600,Grasshopper,236,179,534,492
193.jpg,800,600,Grasshopper,146,133,797,504
194.jpg,800,600,Grasshopper,50,95,631,434
195.jpg,800,600,Grasshopper,111,133,692,563
197.jpg,800,600,Grasshopper,36,184,504,522
198.jpg,800,600,Grasshopper,87,181,449,430
20.jpg,800,600,Armyworms,230,191,643,398
200.jpg,800,600,Grasshopper,63,138,741,530
201.jpg,800,600,Grasshopper,139,184,704,426
202.jpg,800,600,Grasshopper,166,133,756,437
203.jpg,800,600,Grasshopper,460,32,756,200
203.jpg,800,600,Grasshopper,19,124,756,518
204.jpg,800,600,Grasshopper,69,157,634,515
205.jpg,800,600,Grasshopper,142,134,548,507
206.jpg,800,600,Grasshopper,182,142,602,422
207.jpg,800,600,Grasshopper,7,288,673,529
208.jpg,800,600,Grasshopper,141,119,746,483
209.jpg,800,600,Grasshopper,57,116,532,600
210.jpg,800,600,Grasshopper,164,210,543,490
211.jpg,800,600,Grasshopper,98,137,687,439
212.jpg,800,600,Grasshopper,235,116,721,397
213.jpg,800,600,Grasshopper,121,193,631,478
214.jpg,800,600,Grasshopper,268,219,616,464
215.jpg,800,600,Grasshopper,175,187,673,471
216.jpg,800,600,Grasshopper,56,272,366,467
216.jpg,800,600,Grasshopper,473,306,715,483
218.jpg,800,600,Grasshopper,116,133,595,500
219.jpg,800,600,Grasshopper,40,44,789,525
22.jpg,800,600,Armyworms,205,208,636,413
220.jpg,800,600,Grasshopper,61,89,355,284
220.jpg,800,600,Grasshopper,187,321,492,514
220.jpg,800,600,Grasshopper,464,73,677,330
221.jpg,800,600,Grasshopper,115,145,778,431
222.jpg,800,600,Grasshopper,140,64,641,511
223.jpg,800,600,Grasshopper,97,53,716,508
224.jpg,800,600,Grasshopper,61,221,676,524
225.jpg,800,600,Grasshopper,82,224,652,507
226.jpg,800,600,Grasshopper,197,180,617,557
227.jpg,800,600,Grasshopper,142,103,714,415
228.jpg,800,600,Grasshopper,325,104,776,472
229.jpg,800,600,Grasshopper,258,135,767,406
23.jpg,800,600,Armyworms,139,111,634,512
230.jpg,800,600,Grasshopper,161,131,701,505
231.jpg,800,600,Grasshopper,43,158,367,377
231.jpg,800,600,Grasshopper,398,128,780,379
232.jpg,800,600,Grasshopper,57,144,609,516
233.jpg,800,600,Grasshopper,49,225,626,454
234.jpg,800,600,Grasshopper,85,183,654,534
235.jpg,800,600,Grasshopper,142,148,700,452
236.jpg,800,600,Grasshopper,24,65,641,498
237.jpg,800,600,Grasshopper,37,195,603,555
238.jpg,800,600,Grasshopper,146,121,757,524
239.jpg,800,600,Grasshopper,49,104,656,504
24.jpg,800,600,Armyworms,181,198,795,359
240.jpg,800,600,Grasshopper,79,152,636,551
242.jpg,800,600,Grasshopper,188,132,752,451
243.jpg,800,600,Grasshopper,182,136,713,474
244.jpg,800,600,Grasshopper,111,194,598,484
245.jpg,800,600,Grasshopper,318,24,777,452
246.jpg,800,600,Grasshopper,77,128,469,513
247.jpg,800,600,Grasshopper,43,181,638,524
256.jpg,800,600,Leaf_folder,276,274,391,524
257.jpg,800,600,Leaf_folder,202,224,587,402
258.jpg,800,600,Leaf_folder,37,150,785,531
259.jpg,800,600,Leaf_folder,295,53,649,559
26.jpg,800,600,Armyworms,121,354,350,544
26.jpg,800,600,Armyworms,301,218,549,384
260.jpg,800,600,Leaf_folder,198,223,301,463
261.jpg,800,600,Leaf_folder,355,51,419,249
261.jpg,800,600,Leaf_folder,372,313,490,497
262.jpg,800,600,Leaf_folder,328,201,491,324
263.jpg,800,600,Leaf_folder,277,158,785,441
263.jpg,800,600,Leaf_folder,121,98,225,524
264.jpg,800,600,Leaf_folder,55,159,750,501
265.jpg,800,600,Leaf_folder,148,202,415,319
266.jpg,800,600,Leaf_folder,222,164,345,394
267.jpg,800,600,Leaf_folder,316,197,429,467
268.jpg,800,600,Leaf_folder,20,120,687,543
269.jpg,800,600,Leaf_folder,212,183,557,424
27.jpg,800,600,Armyworms,347,179,554,461
27.jpg,800,600,Armyworms,88,444,327,592
270.jpg,800,600,Leaf_folder,111,84,401,398
270.jpg,800,600,Leaf_folder,93,483,389,565
270.jpg,800,600,Leaf_folder,512,218,580,544
271.jpg,800,600,Leaf_folder,367,241,470,520
272.jpg,800,600,Leaf_folder,205,187,286,375
273.jpg,800,600,Leaf_folder,19,103,180,557
273.jpg,800,600,Leaf_folder,399,69,587,564
274.jpg,800,600,Leaf_folder,265,229,452,291
275.jpg,800,600,Leaf_folder,157,180,674,434
276.jpg,800,600,Leaf_folder,319,160,579,480
277.jpg,800,600,Leaf_folder,26,70,777,536
278.jpg,800,600,Leaf_folder,47,467,119,560
278.jpg,800,600,Leaf_folder,676,261,765,574
278.jpg,800,600,Leaf_folder,284,184,382,253
280.jpg,800,600,Leaf_folder,297,271,665,374
281.jpg,800,600,Leaf_folder,411,263,581,464
282.jpg,800,600,Leaf_folder,236,210,567,402
283.jpg,800,600,Leaf_folder,242,170,478,369
284.jpg,800,600,Leaf_folder,142,54,702,542
285.jpg,800,600,Leaf_folder,253,226,601,404
285.jpg,800,600,Leaf_folder,154,170,307,223
286.jpg,800,600,Leaf_folder,485,236,607,487
287.jpg,800,600,Leaf_folder,155,274,640,439
288.jpg,800,600,Leaf_folder,44,151,762,463
289.jpg,800,600,Leaf_folder,57,169,748,481
29.jpg,800,600,Armyworms,275,307,498,459
29.jpg,800,600,Armyworms,150,494,512,581
29.jpg,800,600,Armyworms,310,41,447,237
290.jpg,800,600,Leaf_folder,14,178,800,519
291.jpg,800,600,Leaf_folder,337,127,457,504
292.jpg,800,600,Leaf_folder,261,182,468,411
293.jpg,800,600,Leaf_folder,77,24,786,599
294.jpg,800,600,Leaf_folder,180,166,406,538
295.jpg,800,600,Leaf_folder,228,100,335,244
295.jpg,800,600,Leaf_folder,554,37,638,234
296.jpg,800,600,Leaf_folder,357,196,465,274
30.jpg,800,600,Armyworms,292,123,496,483
304.jpg,800,600,Mealy_bug,194,280,440,555
304.jpg,800,600,Mealy_bug,222,155,360,285
304.jpg,800,600,Mealy_bug,134,1,316,150
305.jpg,800,600,Mealy_bug,370,164,517,474
306.jpg,800,600,Mealy_bug,350,293,529,451
306.jpg,800,600,Mealy_bug,411,64,497,155
306.jpg,800,600,Mealy_bug,89,60,161,101
307.jpg,800,600,Mealy_bug,438,14,652,358
307.jpg,800,600,Mealy_bug,70,230,393,587
308.jpg,800,600,Mealy_bug,345,190,507,511
309.jpg,800,600,Mealy_bug,508,106,727,424
309.jpg,800,600,Mealy_bug,96,244,500,506
31.jpg,800,600,Armyworms,267,284,532,447
31.jpg,800,600,Armyworms,174,488,527,596
310.jpg,800,600,Mealy_bug,94,166,409,407
311.jpg,800,600,Mealy_bug,282,197,768,379
311.jpg,800,600,Mealy_bug,35,248,233,477
312.jpg,800,600,Mealy_bug,279,130,449,397
313.jpg,800,600,Mealy_bug,356,196,505,382
313.jpg,800,600,Mealy_bug,154,144,276,344
315.jpg,800,600,Mealy_bug,246,101,533,484
316.jpg,800,600,Mealy_bug,179,147,353,495
317.jpg,800,600,Mealy_bug,84,326,197,439
317.jpg,800,600,Mealy_bug,286,154,508,329
317.jpg,800,600,Mealy_bug,560,251,696,545
318.jpg,800,600,Mealy_bug,143,81,787,561
319.jpg,800,600,Mealy_bug,84,76,326,269
32.jpg,800,600,Armyworms,93,204,706,415
320.jpg,800,600,Mealy_bug,40,184,416,544
321.jpg,800,600,Mealy_bug,385,28,677,570
322.jpg,800,600,Mealy_bug,237,185,599,467
323.jpg,800,600,Mealy_bug,211,140,296,289
323.jpg,800,600,Mealy_bug,328,190,461,363
324.jpg,800,600,Mealy_bug,78,234,176,361
324.jpg,800,600,Mealy_bug,272,418,380,514
324.jpg,800,600,Mealy_bug,165,187,601,590
325.jpg,800,600,Mealy_bug,606,116,726,279
325.jpg,800,600,Mealy_bug,12,305,283,584
325.jpg,800,600,Mealy_bug,383,225,556,382
326.jpg,800,600,Mealy_bug,406,309,683,547
326.jpg,800,600,Mealy_bug,214,57,566,293
327.jpg,800,600,Mealy_bug,315,159,461,354
328.jpg,800,600,Mealy_bug,259,351,537,581
328.jpg,800,600,Mealy_bug,352,14,507,254
329.jpg,800,600,Mealy_bug,415,266,570,396
329.jpg,800,600,Mealy_bug,61,225,248,427
33.jpg,800,600,Armyworms,7,103,370,379
330.jpg,800,600,Mealy_bug,336,195,604,411
330.jpg,800,600,Mealy_bug,120,1,345,182
331.jpg,800,600,Mealy_bug,299,249,410,387
333.jpg,800,600,Mealy_bug,420,74,640,232
333.jpg,800,600,Mealy_bug,344,256,637,463
336.jpg,800,600,Mealy_bug,39,45,134,232
336.jpg,800,600,Mealy_bug,187,39,297,226
336.jpg,800,600,Mealy_bug,348,45,453,225
336.jpg,800,600,Mealy_bug,513,46,605,220
336.jpg,800,600,Mealy_bug,661,31,782,221
336.jpg,800,600,Mealy_bug,26,304,140,520
336.jpg,800,600,Mealy_bug,195,316,297,508
336.jpg,800,600,Mealy_bug,352,319,448,504
336.jpg,800,600,Mealy_bug,509,324,617,499
336.jpg,800,600,Mealy_bug,678,287,762,464
337.jpg,800,600,Mealy_bug,261,34,543,371
338.jpg,800,600,Mealy_bug,177,160,421,317
338.jpg,800,600,Mealy_bug,114,346,471,503
338.jpg,800,600,Mealy_bug,444,202,786,398
339.jpg,800,600,Mealy_bug,276,215,554,396
341.jpg,800,600,Mealy_bug,171,39,666,274
341.jpg,800,600,Mealy_bug,307,291,674,511
342.jpg,800,600,Mealy_bug,409,294,581,400
342.jpg,800,600,Mealy_bug,99,172,275,284
342.jpg,800,600,Mealy_bug,306,433,408,508
343.jpg,800,600,Mealy_bug,289,200,438,524
344.jpg,800,600,Mealy_bug,37,244,389,385
344.jpg,800,600,Mealy_bug,420,331,647,474
345.jpg,800,600,Mealy_bug,135,124,749,353
346.jpg,800,600,Mealy_bug,282,69,732,420
347.jpg,800,600,Mealy_bug,223,75,628,387
348.jpg,800,600,Mealy_bug,501,78,598,184
348.jpg,800,600,Mealy_bug,348,234,444,316
349.jpg,800,600,Mealy_bug,37,263,138,388
349.jpg,800,600,Mealy_bug,346,269,441,407
349.jpg,800,600,Mealy_bug,366,109,439,237
35.jpg,800,600,Armyworms,252,94,617,379
351.jpg,800,600,Mealy_bug,327,180,497,423
351.jpg,800,600,Mealy_bug,35,166,242,406
353.jpg,800,600,Mealy_bug,156,94,353,324
353.jpg,800,600,Mealy_bug,382,154,740,458
354.jpg,800,600,Mealy_bug,385,198,730,413
355.jpg,800,600,Mealy_bug,263,235,414,404
356.jpg,800,600,Mealy_bug,135,189,553,424
357.jpg,800,600,Mealy_bug,435,304,539,403
358.jpg,800,600,Mealy_bug,112,287,572,505
359.jpg,800,600,Mealy_bug,276,38,697,589
360.jpg,800,600,Mealy_bug,188,202,448,410
361.jpg,800,600,Mealy_bug,36,210,352,474
361.jpg,800,600,Mealy_bug,400,57,633,343
362.jpg,800,600,Mealy_bug,67,180,735,464
363.jpg,800,600,Mealy_bug,162,345,261,513
364.jpg,800,600,Mealy_bug,391,165,676,331
364.jpg,800,600,Mealy_bug,48,257,217,516
365.jpg,800,600,Mealy_bug,254,242,639,542
366.jpg,800,600,Mealy_bug,304,210,409,384
367.jpg,800,600,Mealy_bug,329,184,422,322
368.jpg,800,600,Mealy_bug,276,97,528,520
369.jpg,800,600,Mealy_bug,377,274,614,427
369.jpg,800,600,Mealy_bug,461,54,670,151
37.jpg,800,600,Armyworms,337,335,503,558
37.jpg,800,600,Armyworms,24,18,346,294
37.jpg,800,600,Armyworms,610,533,782,590
370.jpg,800,600,Mealy_bug,256,459,547,600
370.jpg,800,600,Mealy_bug,263,63,590,444
371.jpg,800,600,Mealy_bug,217,329,321,478
372.jpg,800,600,Mealy_bug,430,351,627,592
372.jpg,800,600,Mealy_bug,16,179,444,340
373.jpg,800,600,Mealy_bug,222,259,331,593
373.jpg,800,600,Mealy_bug,365,185,620,422
38.jpg,800,600,Armyworms,280,154,707,360
380.jpg,800,600,Paddy_stemborer,59,96,777,514
381.jpg,800,600,Paddy_stemborer,206,101,569,449
382.jpg,800,600,Paddy_stemborer,223,62,485,514
383.jpg,800,600,Paddy_stemborer,62,122,196,429
383.jpg,800,600,Paddy_stemborer,251,114,392,257
383.jpg,800,600,Paddy_stemborer,264,337,448,427
384.jpg,800,600,Paddy_stemborer,348,251,451,442
385.jpg,800,600,Paddy_stemborer,353,194,546,463
385.jpg,800,600,Paddy_stemborer,91,165,244,340
386.jpg,800,600,Paddy_stemborer,230,58,417,424
387.jpg,800,600,Paddy_stemborer,405,127,642,395
387.jpg,800,600,Paddy_stemborer,177,154,338,536
388.jpg,800,600,Paddy_stemborer,576,197,752,533
388.jpg,800,600,Paddy_stemborer,29,65,312,508
389.jpg,800,600,Paddy_stemborer,77,206,755,480
39.jpg,800,600,Armyworms,114,235,637,357
390.jpg,800,600,Paddy_stemborer,92,164,488,543
391.jpg,800,600,Paddy_stemborer,388,122,609,440
391.jpg,800,600,Paddy_stemborer,15,103,201,472
392.jpg,800,600,Paddy_stemborer,337,161,459,444
393.jpg,800,600,Paddy_stemborer,104,169,727,372
394.jpg,800,600,Paddy_stemborer,305,284,682,570
395.jpg,800,600,Paddy_stemborer,250,71,549,539
396.jpg,800,600,Paddy_stemborer,455,163,774,417
396.jpg,800,600,Paddy_stemborer,66,49,230,534
397.jpg,800,600,Paddy_stemborer,190,242,736,377
398.jpg,800,600,Paddy_stemborer,266,62,562,389
399.jpg,800,600,Paddy_stemborer,240,302,471,489
40.jpg,800,600,Armyworms,107,66,737,523
400.jpg,800,600,Paddy_stemborer,294,86,573,518
401.jpg,800,600,Paddy_stemborer,193,313,508,520
402.jpg,800,600,Paddy_stemborer,207,194,619,509
403.jpg,800,600,Paddy_stemborer,309,177,541,406
404.jpg,800,600,Paddy_stemborer,297,78,471,521
405.jpg,800,600,Paddy_stemborer,275,157,516,439
406.jpg,800,600,Paddy_stemborer,128,86,687,554
407.jpg,800,600,Paddy_stemborer,298,185,498,381
408.jpg,800,600,Paddy_stemborer,236,185,361,454
409.jpg,800,600,Paddy_stemborer,308,118,496,480
41.jpg,800,600,Armyworms,133,99,690,415
410.jpg,800,600,Paddy_stemborer,168,209,634,422
411.jpg,800,600,Paddy_stemborer,20,215,621,518
412.jpg,800,600,Paddy_stemborer,233,87,658,545
413.jpg,800,600,Paddy_stemborer,324,41,486,522
414.jpg,800,600,Paddy_stemborer,315,122,497,463
415.jpg,800,600,Paddy_stemborer,532,162,800,341
415.jpg,800,600,Paddy_stemborer,33,247,552,407
417.jpg,800,600,Paddy_stemborer,465,197,653,354
417.jpg,800,600,Paddy_stemborer,40,356,260,448
42.jpg,800,600,Armyworms,10,102,789,471
425.jpg,800,600,Rice_case_worm,37,272,244,498
425.jpg,800,600,Rice_case_worm,598,125,765,296
426.jpg,800,600,Rice_case_worm,20,25,140,187
426.jpg,800,600,Rice_case_worm,303,125,586,304
426.jpg,800,600,Rice_case_worm,112,250,427,492
427.jpg,800,600,Rice_case_worm,261,43,566,519
428.jpg,800,600,Rice_case_worm,307,199,431,469
428.jpg,800,600,Rice_case_worm,402,35,556,319
429.jpg,800,600,Rice_case_worm,288,224,610,384
430.jpg,800,600,Rice_case_worm,177,151,573,444
431.jpg,800,600,Rice_case_worm,452,28,521,204
431.jpg,800,600,Rice_case_worm,395,451,477,600
431.jpg,800,600,Rice_case_worm,557,177,736,314
433.jpg,800,600,Rice_case_worm,155,231,609,448
435.jpg,800,600,Rice_case_worm,122,34,687,529
436.jpg,800,600,Rice_case_worm,74,210,286,371
437.jpg,800,600,Rice_case_worm,175,108,627,515
438.jpg,800,600,Rice_case_worm,76,28,720,534
439.jpg,800,600,Rice_case_worm,70,80,741,465
44.jpg,800,600,Armyworms,173,100,679,434
440.jpg,800,600,Rice_case_worm,293,272,692,545
441.jpg,800,600,Rice_case_worm,113,196,632,458
442.jpg,800,600,Rice_case_worm,130,100,645,463
443.jpg,800,600,Rice_case_worm,10,146,754,450
444.jpg,800,600,Rice_case_worm,122,51,301,497
445.jpg,800,600,Rice_case_worm,489,30,664,506
445.jpg,800,600,Rice_case_worm,71,35,241,522
446.jpg,800,600,Rice_case_worm,308,162,437,474
447.jpg,800,600,Rice_case_worm,297,191,399,476
448.jpg,800,600,Rice_case_worm,166,153,345,436
449.jpg,800,600,Rice_case_worm,377,228,710,418
449.jpg,800,600,Rice_case_worm,68,82,273,486
45.jpg,800,600,Armyworms,96,103,641,574
450.jpg,800,600,Rice_case_worm,68,43,696,543
451.jpg,800,600,Rice_case_worm,264,60,525,541
452.jpg,800,600,Rice_case_worm,315,121,587,411
453.jpg,800,600,Rice_case_worm,127,132,607,540
454.jpg,800,600,Rice_case_worm,142,173,657,370
455.jpg,800,600,Rice_case_worm,94,142,684,514
456.jpg,800,600,Rice_case_worm,340,155,579,523
457.jpg,800,600,Rice_case_worm,295,42,643,577
458.jpg,800,600,Rice_case_worm,267,121,428,304
459.jpg,800,600,Rice_case_worm,196,117,543,510
460.jpg,800,600,Rice_case_worm,290,35,743,371
461.jpg,800,600,Rice_case_worm,313,125,488,566
462.jpg,800,600,Rice_case_worm,322,114,477,499
463.jpg,800,600,Rice_case_worm,582,108,737,184
463.jpg,800,600,Rice_case_worm,557,371,780,461
463.jpg,800,600,Rice_case_worm,117,270,202,396
47.jpg,800,600,Armyworms,162,211,596,386
475.jpg,800,600,Rice_earhead_bug,191,248,387,584
476.jpg,800,600,Rice_earhead_bug,227,160,434,508
477.jpg,800,600,Rice_earhead_bug,247,242,420,404
478.jpg,800,600,Rice_earhead_bug,218,183,626,570
479.jpg,800,600,Rice_earhead_bug,265,243,450,474
48.jpg,800,600,Armyworms,273,258,629,374
480.jpg,800,600,Rice_earhead_bug,259,35,476,527
481.jpg,800,600,Rice_earhead_bug,270,198,703,472
482.jpg,800,600,Rice_earhead_bug,303,181,496,290
483.jpg,800,600,Rice_earhead_bug,429,41,627,223
483.jpg,800,600,Rice_earhead_bug,186,260,464,570
484.jpg,800,600,Rice_earhead_bug,286,341,583,498
484.jpg,800,600,Rice_earhead_bug,246,184,620,332
485.jpg,800,600,Rice_earhead_bug,128,89,563,384
486.jpg,800,600,Rice_earhead_bug,178,176,629,387
487.jpg,800,600,Rice_earhead_bug,263,157,625,558
488.jpg,800,600,Rice_earhead_bug,207,84,629,538
489.jpg,800,600,Rice_earhead_bug,335,215,674,384
49.jpg,800,600,Armyworms,166,80,798,408
490.jpg,800,600,Rice_earhead_bug,417,190,748,381
491.jpg,800,600,Rice_earhead_bug,8,108,543,361
492.jpg,800,600,Rice_earhead_bug,358,330,693,502
493.jpg,800,600,Rice_earhead_bug,115,150,762,533
494.jpg,800,600,Rice_earhead_bug,220,208,736,411
495.jpg,800,600,Rice_earhead_bug,231,227,413,426
496.jpg,800,600,Rice_earhead_bug,377,213,618,403
497.jpg,800,600,Rice_earhead_bug,245,90,624,331
498.jpg,800,600,Rice_earhead_bug,30,71,800,367
499.jpg,800,600,Rice_earhead_bug,78,113,567,349
50.jpg,800,600,Armyworms,84,257,769,410
500.jpg,800,600,Rice_earhead_bug,82,170,738,403
501.jpg,800,600,Rice_earhead_bug,102,84,696,575
502.jpg,800,600,Rice_earhead_bug,106,140,250,556
502.jpg,800,600,Rice_earhead_bug,387,160,724,402
503.jpg,800,600,Rice_earhead_bug,52,174,738,371
504.jpg,800,600,Rice_earhead_bug,191,226,717,354
508.jpg,800,600,Rice_earhead_bug,273,234,645,429
509.jpg,800,600,Rice_earhead_bug,112,236,636,413
51.jpg,800,600,Armyworms,75,126,720,326
510.jpg,800,600,Rice_earhead_bug,246,95,695,482
511.jpg,800,600,Rice_earhead_bug,301,191,586,546
512.jpg,800,600,Rice_earhead_bug,292,93,514,374
513.jpg,800,600,Rice_earhead_bug,146,124,611,344
514.jpg,800,600,Rice_earhead_bug,277,190,636,419
515.jpg,800,600,Rice_earhead_bug,85,204,516,406
516.jpg,800,600,Rice_earhead_bug,68,204,697,475
518.jpg,800,600,Rice_earhead_bug,127,120,776,470
519.jpg,800,600,Rice_earhead_bug,319,244,439,424
53.jpg,800,600,Armyworms,160,158,363,338
530.jpg,800,600,Rice_horned_caterpillar,70,11,716,600
531.jpg,800,600,Rice_horned_caterpillar,135,59,667,569
532.jpg,800,600,Rice_horned_caterpillar,63,32,704,512
533.jpg,800,600,Rice_horned_caterpillar,35,46,787,586
534.jpg,800,600,Rice_horned_caterpillar,101,62,767,580
535.jpg,800,600,Rice_horned_caterpillar,301,294,577,415
536.jpg,800,600,Rice_horned_caterpillar,17,52,714,546
537.jpg,800,600,Rice_horned_caterpillar,270,44,493,527
538.jpg,800,600,Rice_horned_caterpillar,521,370,622,595
538.jpg,800,600,Rice_horned_caterpillar,204,177,317,484
539.jpg,800,600,Rice_horned_caterpillar,50,15,777,524
54.jpg,800,600,Armyworms,39,155,760,434
540.jpg,800,600,Rice_horned_caterpillar,237,160,562,434
541.jpg,800,600,Rice_horned_caterpillar,73,204,731,368
542.jpg,800,600,Rice_horned_caterpillar,86,241,651,440
543.jpg,800,600,Rice_horned_caterpillar,297,13,762,539
544.jpg,800,600,Rice_horned_caterpillar,213,232,587,355
545.jpg,800,600,Rice_horned_caterpillar,307,122,504,425
546.jpg,800,600,Rice_horned_caterpillar,247,102,407,494
547.jpg,800,600,Rice_horned_caterpillar,314,134,513,528
548.jpg,800,600,Rice_horned_caterpillar,135,203,694,415
549.jpg,800,600,Rice_horned_caterpillar,166,194,637,429
55.jpg,800,600,Armyworms,178,164,390,376
550.jpg,800,600,Rice_horned_caterpillar,145,187,729,429
551.jpg,800,600,Rice_horned_caterpillar,173,92,507,266
551.jpg,800,600,Rice_horned_caterpillar,517,208,748,373
551.jpg,800,600,Rice_horned_caterpillar,45,222,293,494
551.jpg,800,600,Rice_horned_caterpillar,316,294,492,534
552.jpg,800,600,Rice_horned_caterpillar,349,107,692,535
553.jpg,800,600,Rice_horned_caterpillar,262,145,664,443
554.jpg,800,600,Rice_horned_caterpillar,57,168,784,474
555.jpg,800,600,Rice_horned_caterpillar,296,102,631,234
555.jpg,800,600,Rice_horned_caterpillar,232,344,503,447
556.jpg,800,600,Rice_horned_caterpillar,73,63,771,305
556.jpg,800,600,Rice_horned_caterpillar,80,271,547,596
557.jpg,800,600,Rice_horned_caterpillar,355,110,567,398
559.jpg,800,600,Rice_horned_caterpillar,194,42,527,572
56.jpg,800,600,Armyworms,347,213,800,414
560.jpg,800,600,Rice_horned_caterpillar,65,103,678,493
561.jpg,800,600,Rice_horned_caterpillar,263,169,418,452
563.jpg,800,600,Rice_horned_caterpillar,146,127,704,459
564.jpg,800,600,Rice_horned_caterpillar,73,78,722,383
565.jpg,800,600,Rice_horned_caterpillar,220,92,731,460
566.jpg,800,600,Rice_horned_caterpillar,356,291,673,375
567.jpg,800,600,Rice_horned_caterpillar,237,34,757,514
568.jpg,800,600,Rice_horned_caterpillar,250,80,568,557
569.jpg,800,600,Rice_horned_caterpillar,72,164,675,494
57.jpg,800,600,Armyworms,51,71,225,222
57.jpg,800,600,Armyworms,218,54,412,204
57.jpg,800,600,Armyworms,209,248,511,361
57.jpg,800,600,Armyworms,261,469,453,587
57.jpg,800,600,Armyworms,539,157,753,419
57.jpg,800,600,Armyworms,54,226,205,415
57.jpg,800,600,Armyworms,445,18,642,177
570.jpg,800,600,Rice_horned_caterpillar,54,76,800,364
571.jpg,800,600,Rice_horned_caterpillar,9,185,594,382
572.jpg,800,600,Rice_horned_caterpillar,19,193,465,434
573.jpg,800,600,Rice_horned_caterpillar,343,150,639,501
574.jpg,800,600,Rice_horned_caterpillar,68,190,783,401
575.jpg,800,600,Rice_horned_caterpillar,182,154,578,493
576.jpg,800,600,Rice_horned_caterpillar,10,124,507,403
577.jpg,800,600,Rice_horned_caterpillar,144,126,447,294
578.jpg,800,600,Rice_horned_caterpillar,347,113,716,365
579.jpg,800,600,Rice_horned_caterpillar,240,83,636,507
580.jpg,800,600,Rice_horned_caterpillar,118,176,704,425
581.jpg,800,600,Rice_horned_caterpillar,128,171,671,479
582.jpg,800,600,Rice_horned_caterpillar,147,105,652,519
583.jpg,800,600,Rice_horned_caterpillar,72,103,425,342
584.jpg,800,600,Rice_horned_caterpillar,34,75,784,483
585.jpg,800,600,Rice_horned_caterpillar,85,124,624,460
586.jpg,800,600,Rice_horned_caterpillar,87,138,775,454
587.jpg,800,600,Rice_horned_caterpillar,19,166,755,450
588.jpg,800,600,Rice_horned_caterpillar,28,160,794,379
589.jpg,800,600,Rice_horned_caterpillar,123,163,594,492
59.jpg,800,600,Armyworms,327,180,460,400
60.jpg,800,600,Armyworms,445,230,610,468
600.jpg,800,600,Rice_skipper,45,87,774,523
601.jpg,800,600,Rice_skipper,232,36,492,521
602.jpg,800,600,Rice_skipper,338,200,519,430
603.jpg,800,600,Rice_skipper,46,233,618,511
604.jpg,800,600,Rice_skipper,314,119,498,424
606.jpg,800,600,Rice_skipper,474,189,686,352
606.jpg,800,600,Rice_skipper,94,372,280,447
607.jpg,800,600,Rice_skipper,234,253,337,420
608.jpg,800,600,Rice_skipper,72,83,583,538
609.jpg,800,600,Rice_skipper,244,111,547,471
610.jpg,800,600,Rice_skipper,235,49,480,535
611.jpg,800,600,Rice_skipper,58,130,194,419
611.jpg,800,600,Rice_skipper,267,123,371,251
611.jpg,800,600,Rice_skipper,268,350,445,443
612.jpg,800,600,Rice_skipper,337,253,447,452
613.jpg,800,600,Rice_skipper,85,167,249,338
613.jpg,800,600,Rice_skipper,348,188,517,431
613.jpg,800,600,Rice_skipper,8,310,63,442
614.jpg,800,600,Rice_skipper,263,41,409,401
615.jpg,800,600,Rice_skipper,428,124,642,405
615.jpg,800,600,Rice_skipper,193,140,315,547
616.jpg,800,600,Rice_skipper,584,194,749,523
616.jpg,800,600,Rice_skipper,57,41,308,510
617.jpg,800,600,Rice_skipper,46,205,749,498
618.jpg,800,600,Rice_skipper,122,158,463,539
619.jpg,800,600,Rice_skipper,383,100,605,436
619.jpg,800,600,Rice_skipper,20,100,202,489
62.jpg,800,600,Armyworms,262,225,593,394
620.jpg,800,600,Rice_skipper,322,170,467,438
621.jpg,800,600,Rice_skipper,115,168,724,395
622.jpg,800,600,Rice_skipper,396,115,515,461
623.jpg,800,600,Rice_skipper,237,94,566,546
624.jpg,800,600,Rice_skipper,446,161,766,450
624.jpg,800,600,Rice_skipper,48,57,234,541
624.jpg,800,600,Rice_skipper,244,150,382,566
625.jpg,800,600,Rice_skipper,278,74,557,404
626.jpg,800,600,Rice_skipper,315,326,477,475
627.jpg,800,600,Rice_skipper,303,94,544,563
628.jpg,800,600,Rice_skipper,207,324,525,492
629.jpg,800,600,Rice_skipper,173,193,630,501
63.jpg,800,600,Armyworms,38,41,757,574
630.jpg,800,600,Rice_skipper,272,119,467,552
631.jpg,800,600,Rice_skipper,302,162,503,447
632.jpg,800,600,Rice_skipper,109,99,684,552
633.jpg,800,600,Rice_skipper,229,184,371,478
634.jpg,800,600,Rice_skipper,287,119,511,496
634.jpg,800,600,Rice_skipper,697,89,766,373
635.jpg,800,600,Rice_skipper,142,207,628,414
636.jpg,800,600,Rice_skipper,234,71,687,545
64.jpg,800,600,Armyworms,180,232,503,521
64.jpg,800,600,Armyworms,544,245,606,385
64.jpg,800,600,Armyworms,645,294,786,458
65.jpg,800,600,Armyworms,46,174,723,538
650.jpg,800,600,Spiny_beetle,35,97,707,464
651.jpg,800,600,Spiny_beetle,292,196,533,364
652.jpg,800,600,Spiny_beetle,83,69,744,431
653.jpg,800,600,Spiny_beetle,53,45,511,347
654.jpg,800,600,Spiny_beetle,177,93,729,536
655.jpg,800,600,Spiny_beetle,56,133,608,491
656.jpg,800,600,Spiny_beetle,26,32,521,453
657.jpg,800,600,Spiny_beetle,264,143,684,544
658.jpg,800,600,Spiny_beetle,77,245,448,519
659.jpg,800,600,Spiny_beetle,189,134,591,481
66.jpg,800,600,Armyworms,31,184,730,543
660.jpg,800,600,Spiny_beetle,43,31,535,429
661.jpg,800,600,Spiny_beetle,142,216,418,362
662.jpg,800,600,Spiny_beetle,63,180,624,513
663.jpg,800,600,Spiny_beetle,154,214,745,475
664.jpg,800,600,Spiny_beetle,361,138,608,370
665.jpg,800,600,Spiny_beetle,13,141,409,434
665.jpg,800,600,Spiny_beetle,588,145,772,294
666.jpg,800,600,Spiny_beetle,279,183,598,549
667.jpg,800,600,Spiny_beetle,51,126,514,521
668.jpg,800,600,Spiny_beetle,86,148,684,576
669.jpg,800,600,Spiny_beetle,176,211,417,440
67.jpg,800,600,Armyworms,73,244,690,412
670.jpg,800,600,Spiny_beetle,124,144,497,318
671.jpg,800,600,Spiny_beetle,511,144,710,254
672.jpg,800,600,Spiny_beetle,214,39,638,448
673.jpg,800,600,Spiny_beetle,317,197,693,444
674.jpg,800,600,Spiny_beetle,63,199,510,500
675.jpg,800,600,Spiny_beetle,177,181,751,498
676.jpg,800,600,Spiny_beetle,98,173,746,452
677.jpg,800,600,Spiny_beetle,64,159,570,453
678.jpg,800,600,Spiny_beetle,249,62,744,420
679.jpg,800,600,Spiny_beetle,194,197,665,470
68.jpg,800,600,Armyworms,245,236,555,404
680.jpg,800,600,Spiny_beetle,133,134,636,437
681.jpg,800,600,Spiny_beetle,407,230,577,494
681.jpg,800,600,Spiny_beetle,131,261,397,448
682.jpg,800,600,Spiny_beetle,162,187,698,403
683.jpg,800,600,Spiny_beetle,97,162,477,487
684.jpg,800,600,Spiny_beetle,123,219,563,519
685.jpg,800,600,Spiny_beetle,127,200,638,448
686.jpg,800,600,Spiny_beetle,49,116,464,360
687.jpg,800,600,Spiny_beetle,103,94,565,465
688.jpg,800,600,Spiny_beetle,166,182,710,451
689.jpg,800,600,Spiny_beetle,234,147,741,521
69.jpg,800,600,Brown_plant_leafhopper,55,169,636,466
690.jpg,800,600,Spiny_beetle,131,15,650,583
691.jpg,800,600,Spiny_beetle,45,207,522,494
692.jpg,800,600,Spiny_beetle,252,162,458,487
693.jpg,800,600,Spiny_beetle,131,118,702,492
694.jpg,800,600,Spiny_beetle,88,115,567,484
695.jpg,800,600,Spiny_beetle,159,196,581,508
696.jpg,800,600,Spiny_beetle,112,190,428,570
697.jpg,800,600,Spiny_beetle,118,73,565,431
698.jpg,800,600,Spiny_beetle,26,66,644,507
699.jpg,800,600,Spiny_beetle,237,253,645,523
70.jpg,800,600,Brown_plant_leafhopper,340,52,672,574
700.jpg,800,600,Spiny_beetle,57,185,549,468
701.jpg,800,600,Spiny_beetle,276,218,647,523
702.jpg,800,600,Spiny_beetle,306,178,507,465
703.jpg,800,600,Spiny_beetle,135,104,510,448
704.jpg,800,600,Spiny_beetle,87,148,692,458
705.jpg,800,600,Spiny_beetle,347,125,502,473
706.jpg,800,600,Spiny_beetle,484,174,696,298
707.jpg,800,600,Spiny_beetle,123,100,515,422
708.jpg,800,600,Spiny_beetle,152,180,564,426
709.jpg,800,600,Spiny_beetle,147,182,595,538
71.jpg,800,600,Brown_plant_leafhopper,143,215,684,479
710.jpg,800,600,Spiny_beetle,238,258,600,506
711.jpg,800,600,Spiny_beetle,237,208,536,383
712.jpg,800,600,Spiny_beetle,53,127,780,560
713.jpg,800,600,Spiny_beetle,155,104,703,501
714.jpg,800,600,Spiny_beetle,279,212,635,509
715.jpg,800,600,Spiny_beetle,137,227,671,452
717.jpg,800,600,Spiny_beetle,33,182,568,429
718.jpg,800,600,Spiny_beetle,197,180,587,421
719.jpg,800,600,Spiny_beetle,10,201,494,447
72.jpg,800,600,Brown_plant_leafhopper,231,184,633,441
720.jpg,800,600,Spiny_beetle,67,160,667,419
721.jpg,800,600,Spiny_beetle,303,94,701,390
722.jpg,800,600,Spiny_beetle,90,87,630,484
723.jpg,800,600,Spiny_beetle,415,180,651,451
724.jpg,800,600,Spiny_beetle,418,192,683,399
725.jpg,800,600,Spiny_beetle,170,89,589,546
726.jpg,800,600,Spiny_beetle,192,268,581,584
727.jpg,800,600,Spiny_beetle,391,126,655,324
73.jpg,800,600,Brown_plant_leafhopper,123,114,699,419
74.jpg,800,600,Brown_plant_leafhopper,88,64,787,503
75.jpg,800,600,Brown_plant_leafhopper,460,7,767,399
75.jpg,800,600,Brown_plant_leafhopper,16,173,311,541
75.jpg,800,600,Brown_plant_leafhopper,328,229,521,585
750.jpg,800,600,Thrips,211,204,636,457
751.jpg,800,600,Thrips,230,186,473,478
752.jpg,800,600,Thrips,151,52,711,480
753.jpg,800,600,Thrips,76,152,653,470
754.jpg,800,600,Thrips,417,25,695,422
754.jpg,800,600,Thrips,255,172,413,426
754.jpg,800,600,Thrips,90,374,231,535
755.jpg,800,600,Thrips,34,469,359,552
755.jpg,800,600,Thrips,496,134,636,349
755.jpg,800,600,Thrips,142,283,257,388
755.jpg,800,600,Thrips,270,221,348,300
755.jpg,800,600,Thrips,441,329,488,468
755.jpg,800,600,Thrips,275,360,362,456
755.jpg,800,600,Thrips,654,139,773,247
756.jpg,800,600,Thrips,308,141,611,334
756.jpg,800,600,Thrips,189,224,477,447
757.jpg,800,600,Thrips,246,63,523,564
758.jpg,800,600,Thrips,248,84,547,463
759.jpg,800,600,Thrips,247,108,589,558
76.jpg,800,600,Brown_plant_leafhopper,634,44,739,214
76.jpg,800,600,Brown_plant_leafhopper,430,389,567,568
76.jpg,800,600,Brown_plant_leafhopper,140,162,264,424
760.jpg,800,600,Thrips,136,176,702,483
761.jpg,800,600,Thrips,350,254,466,504
762.jpg,800,600,Thrips,103,149,653,501
763.jpg,800,600,Thrips,101,178,599,378
764.jpg,800,600,Thrips,134,54,714,512
765.jpg,800,600,Thrips,365,218,775,566
765.jpg,800,600,Thrips,77,68,356,330
766.jpg,800,600,Thrips,145,31,777,258
767.jpg,800,600,Thrips,334,220,497,395
767.jpg,800,600,Thrips,598,434,695,549
768.jpg,800,600,Thrips,242,166,624,482
77.jpg,800,600,Brown_plant_leafhopper,13,52,377,480
770.jpg,800,600,Thrips,116,139,773,464
771.jpg,800,600,Thrips,144,40,632,340
772.jpg,800,600,Thrips,174,133,499,578
773.jpg,800,600,Thrips,191,208,665,414
774.jpg,800,600,Thrips,166,112,495,255
774.jpg,800,600,Thrips,370,268,627,494
774.jpg,800,600,Thrips,319,413,499,597
775.jpg,800,600,Thrips,281,194,559,313
776.jpg,800,600,Thrips,265,229,642,381
778.jpg,800,600,Thrips,173,267,526,430
779.jpg,800,600,Thrips,308,228,716,494
78.jpg,800,600,Brown_plant_leafhopper,135,20,741,424
780.jpg,800,600,Thrips,72,67,663,564
781.jpg,800,600,Thrips,277,267,492,401
782.jpg,800,600,Thrips,34,175,758,471
783.jpg,800,600,Thrips,283,124,517,470
784.jpg,800,600,Thrips,257,144,509,284
785.jpg,800,600,Thrips,274,176,452,344
786.jpg,800,600,Thrips,113,104,632,574
787.jpg,800,600,Thrips,136,211,640,489
788.jpg,800,600,Thrips,127,138,731,475
789.jpg,800,600,Thrips,25,195,657,456
79.jpg,800,600,Brown_plant_leafhopper,320,295,457,422
790.jpg,800,600,Thrips,114,442,326,559
790.jpg,800,600,Thrips,435,194,575,336
791.jpg,800,600,Thrips,375,162,562,494
792.jpg,800,600,Thrips,133,208,482,312
792.jpg,800,600,Thrips,97,335,402,442
792.jpg,800,600,Thrips,541,77,794,224
793.jpg,800,600,Thrips,134,211,633,430
794.jpg,800,600,Thrips,48,72,756,374
795.jpg,800,600,Thrips,28,238,662,502
796.jpg,800,600,Thrips,325,232,517,335
796.jpg,800,600,Thrips,397,482,620,582
796.jpg,800,600,Thrips,147,295,292,479
798.jpg,800,600,Thrips,198,172,538,404
799.jpg,800,600,Thrips,327,216,765,339
799.jpg,800,600,Thrips,435,39,797,186
799.jpg,800,600,Thrips,4,140,347,275
80.jpg,800,600,Brown_plant_leafhopper,171,58,455,406
80.jpg,800,600,Brown_plant_leafhopper,483,267,690,595
800.jpg,800,600,Thrips,21,85,739,354
801.jpg,800,600,Thrips,537,237,718,584
801.jpg,800,600,Thrips,68,57,605,211
802.jpg,800,600,Thrips,225,227,719,586
802.jpg,800,600,Thrips,107,36,247,193
802.jpg,800,600,Thrips,8,388,173,568
803.jpg,800,600,Thrips,116,140,337,226
803.jpg,800,600,Thrips,536,141,689,367
803.jpg,800,600,Thrips,244,235,436,384
804.jpg,800,600,Thrips,443,94,518,186
804.jpg,800,600,Thrips,447,489,530,597
805.jpg,800,600,Thrips,317,266,752,531
806.jpg,800,600,Thrips,318,226,583,426
81.jpg,800,600,Brown_plant_leafhopper,377,72,655,354
81.jpg,800,600,Brown_plant_leafhopper,107,237,376,559
82.jpg,800,600,Brown_plant_leafhopper,82,165,659,463
821.jpg,800,600,White_backed_plant_hopper,98,60,313,420
821.jpg,800,600,White_backed_plant_hopper,396,124,695,516
822.jpg,800,600,White_backed_plant_hopper,272,114,608,447
823.jpg,800,600,White_backed_plant_hopper,237,179,531,454
824.jpg,800,600,White_backed_plant_hopper,359,68,688,576
825.jpg,800,600,White_backed_plant_hopper,207,136,583,471
826.jpg,800,600,White_backed_plant_hopper,401,72,564,252
826.jpg,800,600,White_backed_plant_hopper,59,410,290,583
827.jpg,800,600,White_backed_plant_hopper,567,24,710,164
827.jpg,800,600,White_backed_plant_hopper,218,84,329,228
827.jpg,800,600,White_backed_plant_hopper,88,386,255,516
827.jpg,800,600,White_backed_plant_hopper,118,248,224,384
827.jpg,800,600,White_backed_plant_hopper,365,263,507,431
827.jpg,800,600,White_backed_plant_hopper,516,321,633,464
827.jpg,800,600,White_backed_plant_hopper,568,165,653,304
828.jpg,800,600,White_backed_plant_hopper,232,123,607,452
829.jpg,800,600,White_backed_plant_hopper,178,196,717,362
83.jpg,800,600,Brown_plant_leafhopper,221,171,655,411
830.jpg,800,600,White_backed_plant_hopper,92,114,603,393
831.jpg,800,600,White_backed_plant_hopper,326,275,398,378
831.jpg,800,600,White_backed_plant_hopper,239,395,316,508
831.jpg,800,600,White_backed_plant_hopper,154,231,217,341
831.jpg,800,600,White_backed_plant_hopper,172,40,237,162
832.jpg,800,600,White_backed_plant_hopper,263,184,553,457
833.jpg,800,600,White_backed_plant_hopper,216,331,317,597
833.jpg,800,600,White_backed_plant_hopper,231,73,449,195
833.jpg,800,600,White_backed_plant_hopper,413,224,500,594
834.jpg,800,600,White_backed_plant_hopper,197,137,519,489
835.jpg,800,600,White_backed_plant_hopper,62,74,150,204
835.jpg,800,600,White_backed_plant_hopper,54,309,113,407
835.jpg,800,600,White_backed_plant_hopper,186,332,271,466
835.jpg,800,600,White_backed_plant_hopper,462,364,527,493
835.jpg,800,600,White_backed_plant_hopper,667,348,723,454
835.jpg,800,600,White_backed_plant_hopper,599,128,676,243
835.jpg,800,600,White_backed_plant_hopper,634,490,716,594
835.jpg,800,600,White_backed_plant_hopper,207,64,284,184
835.jpg,800,600,White_backed_plant_hopper,157,182,210,275
837.jpg,800,600,White_backed_plant_hopper,226,199,583,442
837.jpg,800,600,White_backed_plant_hopper,237,31,426,150
838.jpg,800,600,White_backed_plant_hopper,287,208,532,444
839.jpg,800,600,White_backed_plant_hopper,295,283,433,462
839.jpg,800,600,White_backed_plant_hopper,77,28,225,169
839.jpg,800,600,White_backed_plant_hopper,135,176,263,312
839.jpg,800,600,White_backed_plant_hopper,164,346,289,484
839.jpg,800,600,White_backed_plant_hopper,540,408,677,550
839.jpg,800,600,White_backed_plant_hopper,467,91,587,244
839.jpg,800,600,White_backed_plant_hopper,597,157,723,298
839.jpg,800,600,White_backed_plant_hopper,596,284,693,426
84.jpg,800,600,Brown_plant_leafhopper,209,143,477,494
840.jpg,800,600,White_backed_plant_hopper,337,107,386,218
840.jpg,800,600,White_backed_plant_hopper,300,237,369,354
840.jpg,800,600,White_backed_plant_hopper,377,251,420,345
840.jpg,800,600,White_backed_plant_hopper,353,373,401,443
840.jpg,800,600,White_backed_plant_hopper,376,449,416,550
841.jpg,800,600,White_backed_plant_hopper,91,136,654,445
842.jpg,800,600,White_backed_plant_hopper,334,284,427,418
842.jpg,800,600,White_backed_plant_hopper,367,149,516,267
843.jpg,800,600,White_backed_plant_hopper,17,183,799,539
844.jpg,800,600,White_backed_plant_hopper,304,150,508,429
846.jpg,800,600,White_backed_plant_hopper,208,137,473,402
847.jpg,800,600,White_backed_plant_hopper,400,390,527,560
847.jpg,800,600,White_backed_plant_hopper,627,44,731,167
847.jpg,800,600,White_backed_plant_hopper,80,156,215,309
847.jpg,800,600,White_backed_plant_hopper,43,284,167,427
848.jpg,800,600,White_backed_plant_hopper,341,74,707,542
849.jpg,800,600,White_backed_plant_hopper,331,244,448,398
85.jpg,800,600,Brown_plant_leafhopper,231,209,494,466
850.jpg,800,600,White_backed_plant_hopper,38,396,214,515
850.jpg,800,600,White_backed_plant_hopper,267,207,433,330
850.jpg,800,600,White_backed_plant_hopper,479,38,615,154
850.jpg,800,600,White_backed_plant_hopper,359,365,450,516
850.jpg,800,600,White_backed_plant_hopper,589,160,677,276
850.jpg,800,600,White_backed_plant_hopper,457,244,557,444
851.jpg,800,600,White_backed_plant_hopper,487,271,673,584
851.jpg,800,600,White_backed_plant_hopper,210,75,420,421
852.jpg,800,600,White_backed_plant_hopper,203,120,627,538
853.jpg,800,600,White_backed_plant_hopper,197,27,299,190
853.jpg,800,600,White_backed_plant_hopper,195,254,296,401
853.jpg,800,600,White_backed_plant_hopper,399,442,485,585
853.jpg,800,600,White_backed_plant_hopper,226,408,297,541
855.jpg,800,600,White_backed_plant_hopper,151,288,632,517
86.jpg,800,600,Brown_plant_leafhopper,38,91,684,424
87.jpg,800,600,Brown_plant_leafhopper,180,39,670,594
88.jpg,800,600,Brown_plant_leafhopper,126,229,598,442
880.jpg,800,600,Whorl_maggot,277,31,502,122
880.jpg,800,600,Whorl_maggot,317,187,426,341
880.jpg,800,600,Whorl_maggot,609,309,701,497
882.jpg,800,600,Whorl_maggot,296,175,507,404
883.jpg,800,600,Whorl_maggot,323,205,465,409
884.jpg,800,600,Whorl_maggot,164,213,580,390
885.jpg,800,600,Whorl_maggot,188,226,310,339
885.jpg,800,600,Whorl_maggot,429,274,493,344
886.jpg,800,600,Whorl_maggot,227,196,654,367
887.jpg,800,600,Whorl_maggot,239,127,501,460
888.jpg,800,600,Whorl_maggot,99,224,686,511
889.jpg,800,600,Whorl_maggot,327,293,517,452
889.jpg,800,600,Whorl_maggot,326,24,448,130
89.jpg,800,600,Brown_plant_leafhopper,278,127,597,487
890.jpg,800,600,Whorl_maggot,343,318,439,448
891.jpg,800,600,Whorl_maggot,297,176,529,394
892.jpg,800,600,Whorl_maggot,132,250,686,407
893.jpg,800,600,Whorl_maggot,210,238,706,329
896.jpg,800,600,Whorl_maggot,97,154,623,467
897.jpg,800,600,Whorl_maggot,327,227,419,496
897.jpg,800,600,Whorl_maggot,106,141,181,475
897.jpg,800,600,Whorl_maggot,612,428,703,558
897.jpg,800,600,Whorl_maggot,622,24,705,168
898.jpg,800,600,Whorl_maggot,267,204,527,444
899.jpg,800,600,Whorl_maggot,29,167,754,428
90.jpg,800,600,Brown_plant_leafhopper,367,160,626,451
900.jpg,800,600,Whorl_maggot,85,39,775,490
901.jpg,800,600,Whorl_maggot,116,210,710,403
902.jpg,800,600,Whorl_maggot,58,258,727,514
903.jpg,800,600,Whorl_maggot,123,122,558,394
904.jpg,800,600,Whorl_maggot,358,110,573,394
905.jpg,800,600,Whorl_maggot,309,219,640,409
907.jpg,800,600,Whorl_maggot,73,95,669,567
908.jpg,800,600,Whorl_maggot,92,240,513,448
909.jpg,800,600,Whorl_maggot,87,175,727,373
91.jpg,800,600,Brown_plant_leafhopper,251,180,543,309
910.jpg,800,600,Whorl_maggot,387,63,651,572
911.jpg,800,600,Whorl_maggot,42,55,737,572
912.jpg,800,600,Whorl_maggot,93,34,687,560
913.jpg,800,600,Whorl_maggot,196,211,296,316
913.jpg,800,600,Whorl_maggot,448,214,622,385
914.jpg,800,600,Whorl_maggot,264,332,594,508
915.jpg,800,600,Whorl_maggot,367,204,514,391
92.jpg,800,600,Brown_plant_leafhopper,190,308,611,585
93.jpg,800,600,Brown_plant_leafhopper,154,256,267,397
93.jpg,800,600,Brown_plant_leafhopper,482,210,667,311
94.jpg,800,600,Brown_plant_leafhopper,119,12,270,224
94.jpg,800,600,Brown_plant_leafhopper,341,218,464,368
95.jpg,800,600,Brown_plant_leafhopper,358,278,519,391
96.jpg,800,600,Brown_plant_leafhopper,424,245,652,392
97.jpg,800,600,Brown_plant_leafhopper,148,59,743,519
98.jpg,800,600,Brown_plant_leafhopper,68,164,590,433
99.jpg,800,600,Brown_plant_leafhopper,359,249,552,515
